Nombre,Numero de pokedex,Tipo primario,Tipo secundario,Puntos de salud,Puntos de ataque,Puntos de defensa,Puntos de ataque especial,Puntos de defensa especial,Puntos de velocidad
Bulbasaur,1,grass,poison,45,49,49,65,65,45
Ivysaur,2,grass,poison,60,62,63,80,80,60
Venusaur,3,grass,poison,80,82,83,100,100,80
Charmander,4,fire,,39,52,43,60,50,65
Charmeleon,5,fire,,58,64,58,80,65,80
Charizard,6,fire,flying,78,84,78,109,85,100
Squirtle,7,water,,44,48,65,50,64,43
Wartortle,8,water,,59,63,80,65,80,58
Blastoise,9,water,,79,83,100,85,105,78
Caterpie,10,bug,,45,30,35,20,20,45
Metapod,11,bug,,50,20,55,25,25,30
Butterfree,12,bug,flying,60,45,50,90,80,70
Weedle,13,bug,poison,40,35,30,20,20,50
Kakuna,14,bug,poison,45,25,50,25,25,35
Beedrill,15,bug,poison,65,90,40,45,80,75
Pidgey,16,normal,flying,40,45,40,35,35,56
Pidgeotto,17,normal,flying,63,60,55,50,50,71
Pidgeot,18,normal,flying,83,80,75,70,70,101
Rattata,19,normal,,30,56,35,25,35,72
Raticate,20,normal,,55,81,60,50,70,97
Spearow,21,normal,flying,40,60,30,31,31,70
Fearow,22,normal,flying,65,90,65,61,61,100
Ekans,23,poison,,35,60,44,40,54,55
Arbok,24,poison,,60,95,69,65,79,80
Pikachu,25,electric,,35,55,40,50,50,90
Raichu,26,electric,,60,90,55,90,80,110
Sandshrew,27,ground,,50,75,85,20,30,40
Sandslash,28,ground,,75,100,110,45,55,65
Nidoran-f,29,poison,,55,47,52,40,40,41
Nidorina,30,poison,,70,62,67,55,55,56
Nidoqueen,31,poison,ground,90,92,87,75,85,76
Nidoran-m,32,poison,,46,57,40,40,40,50
Nidorino,33,poison,,61,72,57,55,55,65
Nidoking,34,poison,ground,81,102,77,85,75,85
Clefairy,35,fairy,,70,45,48,60,65,35
Clefable,36,fairy,,95,70,73,95,90,60
Vulpix,37,fire,,38,41,40,50,65,65
Ninetales,38,fire,,73,76,75,81,100,100
Jigglypuff,39,normal,fairy,115,45,20,45,25,20
Wigglytuff,40,normal,fairy,140,70,45,85,50,45
Zubat,41,poison,flying,40,45,35,30,40,55
Golbat,42,poison,flying,75,80,70,65,75,90
Oddish,43,grass,poison,45,50,55,75,65,30
Gloom,44,grass,poison,60,65,70,85,75,40
Vileplume,45,grass,poison,75,80,85,110,90,50
Paras,46,bug,grass,35,70,55,45,55,25
Parasect,47,bug,grass,60,95,80,60,80,30
Venonat,48,bug,poison,60,55,50,40,55,45
Venomoth,49,bug,poison,70,65,60,90,75,90
Diglett,50,ground,,10,55,25,35,45,95
Dugtrio,51,ground,,35,100,50,50,70,120
Meowth,52,normal,,40,45,35,40,40,90
Persian,53,normal,,65,70,60,65,65,115
Psyduck,54,water,,50,52,48,65,50,55
Golduck,55,water,,80,82,78,95,80,85
Mankey,56,fighting,,40,80,35,35,45,70
Primeape,57,fighting,,65,105,60,60,70,95
Growlithe,58,fire,,55,70,45,70,50,60
Arcanine,59,fire,,90,110,80,100,80,95
Poliwag,60,water,,40,50,40,40,40,90
Poliwhirl,61,water,,65,65,65,50,50,90
Poliwrath,62,water,fighting,90,95,95,70,90,70
Abra,63,psychic,,25,20,15,105,55,90
Kadabra,64,psychic,,40,35,30,120,70,105
Alakazam,65,psychic,,55,50,45,135,95,120
Machop,66,fighting,,70,80,50,35,35,35
Machoke,67,fighting,,80,100,70,50,60,45
Machamp,68,fighting,,90,130,80,65,85,55
Bellsprout,69,grass,poison,50,75,35,70,30,40
Weepinbell,70,grass,poison,65,90,50,85,45,55
Victreebel,71,grass,poison,80,105,65,100,70,70
Tentacool,72,water,poison,40,40,35,50,100,70
Tentacruel,73,water,poison,80,70,65,80,120,100
Geodude,74,rock,ground,40,80,100,30,30,20
Graveler,75,rock,ground,55,95,115,45,45,35
Golem,76,rock,ground,80,120,130,55,65,45
Ponyta,77,fire,,50,85,55,65,65,90
Rapidash,78,fire,,65,100,70,80,80,105
Slowpoke,79,water,psychic,90,65,65,40,40,15
Slowbro,80,water,psychic,95,75,110,100,80,30
Magnemite,81,electric,steel,25,35,70,95,55,45
Magneton,82,electric,steel,50,60,95,120,70,70
Farfetchd,83,normal,flying,52,90,55,58,62,60
Doduo,84,normal,flying,35,85,45,35,35,75
Dodrio,85,normal,flying,60,110,70,60,60,110
Seel,86,water,,65,45,55,45,70,45
Dewgong,87,water,ice,90,70,80,70,95,70
Grimer,88,poison,,80,80,50,40,50,25
Muk,89,poison,,105,105,75,65,100,50
Shellder,90,water,,30,65,100,45,25,40
Cloyster,91,water,ice,50,95,180,85,45,70
Gastly,92,ghost,poison,30,35,30,100,35,80
Haunter,93,ghost,poison,45,50,45,115,55,95
Gengar,94,ghost,poison,60,65,60,130,75,110
Onix,95,rock,ground,35,45,160,30,45,70
Drowzee,96,psychic,,60,48,45,43,90,42
Hypno,97,psychic,,85,73,70,73,115,67
Krabby,98,water,,30,105,90,25,25,50
Kingler,99,water,,55,130,115,50,50,75
Voltorb,100,electric,,40,30,50,55,55,100
Electrode,101,electric,,60,50,70,80,80,150
Exeggcute,102,grass,psychic,60,40,80,60,45,40
Exeggutor,103,grass,psychic,95,95,85,125,75,55
Cubone,104,ground,,50,50,95,40,50,35
Marowak,105,ground,,60,80,110,50,80,45
Hitmonlee,106,fighting,,50,120,53,35,110,87
Hitmonchan,107,fighting,,50,105,79,35,110,76
Lickitung,108,normal,,90,55,75,60,75,30
Koffing,109,poison,,40,65,95,60,45,35
Weezing,110,poison,,65,90,120,85,70,60
Rhyhorn,111,ground,rock,80,85,95,30,30,25
Rhydon,112,ground,rock,105,130,120,45,45,40
Chansey,113,normal,,250,5,5,35,105,50
Tangela,114,grass,,65,55,115,100,40,60
Kangaskhan,115,normal,,105,95,80,40,80,90
Horsea,116,water,,30,40,70,70,25,60
Seadra,117,water,,55,65,95,95,45,85
Goldeen,118,water,,45,67,60,35,50,63
Seaking,119,water,,80,92,65,65,80,68
Staryu,120,water,,30,45,55,70,55,85
Starmie,121,water,psychic,60,75,85,100,85,115
Mr-mime,122,psychic,fairy,40,45,65,100,120,90
Scyther,123,bug,flying,70,110,80,55,80,105
Jynx,124,ice,psychic,65,50,35,115,95,95
Electabuzz,125,electric,,65,83,57,95,85,105
Magmar,126,fire,,65,95,57,100,85,93
Pinsir,127,bug,,65,125,100,55,70,85
Tauros,128,normal,,75,100,95,40,70,110
Magikarp,129,water,,20,10,55,15,20,80
Gyarados,130,water,flying,95,125,79,60,100,81
Lapras,131,water,ice,130,85,80,85,95,60
Ditto,132,normal,,48,48,48,48,48,48
Eevee,133,normal,,55,55,50,45,65,55
Vaporeon,134,water,,130,65,60,110,95,65
Jolteon,135,electric,,65,65,60,110,95,130
Flareon,136,fire,,65,130,60,95,110,65
Porygon,137,normal,,65,60,70,85,75,40
Omanyte,138,rock,water,35,40,100,90,55,35
Omastar,139,rock,water,70,60,125,115,70,55
Kabuto,140,rock,water,30,80,90,55,45,55
Kabutops,141,rock,water,60,115,105,65,70,80
Aerodactyl,142,rock,flying,80,105,65,60,75,130
Snorlax,143,normal,,160,110,65,65,110,30
Articuno,144,ice,flying,90,85,100,95,125,85
Zapdos,145,electric,flying,90,90,85,125,90,100
Moltres,146,fire,flying,90,100,90,125,85,90
Dratini,147,dragon,,41,64,45,50,50,50
Dragonair,148,dragon,,61,84,65,70,70,70
Dragonite,149,dragon,flying,91,134,95,100,100,80
Mewtwo,150,psychic,,106,110,90,154,90,130
Mew,151,psychic,,100,100,100,100,100,100
Chikorita,152,grass,,45,49,65,49,65,45
Bayleef,153,grass,,60,62,80,63,80,60
Meganium,154,grass,,80,82,100,83,100,80
Cyndaquil,155,fire,,39,52,43,60,50,65
Quilava,156,fire,,58,64,58,80,65,80
Typhlosion,157,fire,,78,84,78,109,85,100
Totodile,158,water,,50,65,64,44,48,43
Croconaw,159,water,,65,80,80,59,63,58
Feraligatr,160,water,,85,105,100,79,83,78
Sentret,161,normal,,35,46,34,35,45,20
Furret,162,normal,,85,76,64,45,55,90
Hoothoot,163,normal,flying,60,30,30,36,56,50
Noctowl,164,normal,flying,100,50,50,86,96,70
Ledyba,165,bug,flying,40,20,30,40,80,55
Ledian,166,bug,flying,55,35,50,55,110,85
Spinarak,167,bug,poison,40,60,40,40,40,30
Ariados,168,bug,poison,70,90,70,60,70,40
Crobat,169,poison,flying,85,90,80,70,80,130
Chinchou,170,water,electric,75,38,38,56,56,67
Lanturn,171,water,electric,125,58,58,76,76,67
Pichu,172,electric,,20,40,15,35,35,60
Cleffa,173,fairy,,50,25,28,45,55,15
Igglybuff,174,normal,fairy,90,30,15,40,20,15
Togepi,175,fairy,,35,20,65,40,65,20
Togetic,176,fairy,flying,55,40,85,80,105,40
Natu,177,psychic,flying,40,50,45,70,45,70
Xatu,178,psychic,flying,65,75,70,95,70,95
Mareep,179,electric,,55,40,40,65,45,35
Flaaffy,180,electric,,70,55,55,80,60,45
Ampharos,181,electric,,90,75,85,115,90,55
Bellossom,182,grass,,75,80,95,90,100,50
Marill,183,water,fairy,70,20,50,20,50,40
Azumarill,184,water,fairy,100,50,80,60,80,50
Sudowoodo,185,rock,,70,100,115,30,65,30
Politoed,186,water,,90,75,75,90,100,70
Hoppip,187,grass,flying,35,35,40,35,55,50
Skiploom,188,grass,flying,55,45,50,45,65,80
Jumpluff,189,grass,flying,75,55,70,55,95,110
Aipom,190,normal,,55,70,55,40,55,85
Sunkern,191,grass,,30,30,30,30,30,30
Sunflora,192,grass,,75,75,55,105,85,30
Yanma,193,bug,flying,65,65,45,75,45,95
Wooper,194,water,ground,55,45,45,25,25,15
Quagsire,195,water,ground,95,85,85,65,65,35
Espeon,196,psychic,,65,65,60,130,95,110
Umbreon,197,dark,,95,65,110,60,130,65
Murkrow,198,dark,flying,60,85,42,85,42,91
Slowking,199,water,psychic,95,75,80,100,110,30
Misdreavus,200,ghost,,60,60,60,85,85,85
Unown,201,psychic,,48,72,48,72,48,48
Wobbuffet,202,psychic,,190,33,58,33,58,33
Girafarig,203,normal,psychic,70,80,65,90,65,85
Pineco,204,bug,,50,65,90,35,35,15
Forretress,205,bug,steel,75,90,140,60,60,40
Dunsparce,206,normal,,100,70,70,65,65,45
Gligar,207,ground,flying,65,75,105,35,65,85
Steelix,208,steel,ground,75,85,200,55,65,30
Snubbull,209,fairy,,60,80,50,40,40,30
Granbull,210,fairy,,90,120,75,60,60,45
Qwilfish,211,water,poison,65,95,85,55,55,85
Scizor,212,bug,steel,70,130,100,55,80,65
Shuckle,213,bug,rock,20,10,230,10,230,5
Heracross,214,bug,fighting,80,125,75,40,95,85
Sneasel,215,dark,ice,55,95,55,35,75,115
Teddiursa,216,normal,,60,80,50,50,50,40
Ursaring,217,normal,,90,130,75,75,75,55
Slugma,218,fire,,40,40,40,70,40,20
Magcargo,219,fire,rock,60,50,120,90,80,30
Swinub,220,ice,ground,50,50,40,30,30,50
Piloswine,221,ice,ground,100,100,80,60,60,50
Corsola,222,water,rock,65,55,95,65,95,35
Remoraid,223,water,,35,65,35,65,35,65
Octillery,224,water,,75,105,75,105,75,45
Delibird,225,ice,flying,45,55,45,65,45,75
Mantine,226,water,flying,85,40,70,80,140,70
Skarmory,227,steel,flying,65,80,140,40,70,70
Houndour,228,dark,fire,45,60,30,80,50,65
Houndoom,229,dark,fire,75,90,50,110,80,95
Kingdra,230,water,dragon,75,95,95,95,95,85
Phanpy,231,ground,,90,60,60,40,40,40
Donphan,232,ground,,90,120,120,60,60,50
Porygon2,233,normal,,85,80,90,105,95,60
Stantler,234,normal,,73,95,62,85,65,85
Smeargle,235,normal,,55,20,35,20,45,75
Tyrogue,236,fighting,,35,35,35,35,35,35
Hitmontop,237,fighting,,50,95,95,35,110,70
Smoochum,238,ice,psychic,45,30,15,85,65,65
Elekid,239,electric,,45,63,37,65,55,95
Magby,240,fire,,45,75,37,70,55,83
Miltank,241,normal,,95,80,105,40,70,100
Blissey,242,normal,,255,10,10,75,135,55
Raikou,243,electric,,90,85,75,115,100,115
Entei,244,fire,,115,115,85,90,75,100
Suicune,245,water,,100,75,115,90,115,85
Larvitar,246,rock,ground,50,64,50,45,50,41
Pupitar,247,rock,ground,70,84,70,65,70,51
Tyranitar,248,rock,dark,100,134,110,95,100,61
Lugia,249,psychic,flying,106,90,130,90,154,110
Ho-oh,250,fire,flying,106,130,90,110,154,90
Celebi,251,psychic,grass,100,100,100,100,100,100
Treecko,252,grass,,40,45,35,65,55,70
Grovyle,253,grass,,50,65,45,85,65,95
Sceptile,254,grass,,70,85,65,105,85,120
Torchic,255,fire,,45,60,40,70,50,45
Combusken,256,fire,fighting,60,85,60,85,60,55
Blaziken,257,fire,fighting,80,120,70,110,70,80
Mudkip,258,water,,50,70,50,50,50,40
Marshtomp,259,water,ground,70,85,70,60,70,50
Swampert,260,water,ground,100,110,90,85,90,60
Poochyena,261,dark,,35,55,35,30,30,35
Mightyena,262,dark,,70,90,70,60,60,70
Zigzagoon,263,normal,,38,30,41,30,41,60
Linoone,264,normal,,78,70,61,50,61,100
Wurmple,265,bug,,45,45,35,20,30,20
Silcoon,266,bug,,50,35,55,25,25,15
Beautifly,267,bug,flying,60,70,50,100,50,65
Cascoon,268,bug,,50,35,55,25,25,15
Dustox,269,bug,poison,60,50,70,50,90,65
Lotad,270,water,grass,40,30,30,40,50,30
Lombre,271,water,grass,60,50,50,60,70,50
Ludicolo,272,water,grass,80,70,70,90,100,70
Seedot,273,grass,,40,40,50,30,30,30
Nuzleaf,274,grass,dark,70,70,40,60,40,60
Shiftry,275,grass,dark,90,100,60,90,60,80
Taillow,276,normal,flying,40,55,30,30,30,85
Swellow,277,normal,flying,60,85,60,75,50,125
Wingull,278,water,flying,40,30,30,55,30,85
Pelipper,279,water,flying,60,50,100,95,70,65
Ralts,280,psychic,fairy,28,25,25,45,35,40
Kirlia,281,psychic,fairy,38,35,35,65,55,50
Gardevoir,282,psychic,fairy,68,65,65,125,115,80
Surskit,283,bug,water,40,30,32,50,52,65
Masquerain,284,bug,flying,70,60,62,100,82,80
Shroomish,285,grass,,60,40,60,40,60,35
Breloom,286,grass,fighting,60,130,80,60,60,70
Slakoth,287,normal,,60,60,60,35,35,30
Vigoroth,288,normal,,80,80,80,55,55,90
Slaking,289,normal,,150,160,100,95,65,100
Nincada,290,bug,ground,31,45,90,30,30,40
Ninjask,291,bug,flying,61,90,45,50,50,160
Shedinja,292,bug,ghost,1,90,45,30,30,40
Whismur,293,normal,,64,51,23,51,23,28
Loudred,294,normal,,84,71,43,71,43,48
Exploud,295,normal,,104,91,63,91,73,68
Makuhita,296,fighting,,72,60,30,20,30,25
Hariyama,297,fighting,,144,120,60,40,60,50
Azurill,298,normal,fairy,50,20,40,20,40,20
Nosepass,299,rock,,30,45,135,45,90,30
Skitty,300,normal,,50,45,45,35,35,50
Delcatty,301,normal,,70,65,65,55,55,90
Sableye,302,dark,ghost,50,75,75,65,65,50
Mawile,303,steel,fairy,50,85,85,55,55,50
Aron,304,steel,rock,50,70,100,40,40,30
Lairon,305,steel,rock,60,90,140,50,50,40
Aggron,306,steel,rock,70,110,180,60,60,50
Meditite,307,fighting,psychic,30,40,55,40,55,60
Medicham,308,fighting,psychic,60,60,75,60,75,80
Electrike,309,electric,,40,45,40,65,40,65
Manectric,310,electric,,70,75,60,105,60,105
Plusle,311,electric,,60,50,40,85,75,95
Minun,312,electric,,60,40,50,75,85,95
Volbeat,313,bug,,65,73,75,47,85,85
Illumise,314,bug,,65,47,75,73,85,85
Roselia,315,grass,poison,50,60,45,100,80,65
Gulpin,316,poison,,70,43,53,43,53,40
Swalot,317,poison,,100,73,83,73,83,55
Carvanha,318,water,dark,45,90,20,65,20,65
Sharpedo,319,water,dark,70,120,40,95,40,95
Wailmer,320,water,,130,70,35,70,35,60
Wailord,321,water,,170,90,45,90,45,60
Numel,322,fire,ground,60,60,40,65,45,35
Camerupt,323,fire,ground,70,100,70,105,75,40
Torkoal,324,fire,,70,85,140,85,70,20
Spoink,325,psychic,,60,25,35,70,80,60
Grumpig,326,psychic,,80,45,65,90,110,80
Spinda,327,normal,,60,60,60,60,60,60
Trapinch,328,ground,,45,100,45,45,45,10
Vibrava,329,ground,dragon,50,70,50,50,50,70
Flygon,330,ground,dragon,80,100,80,80,80,100
Cacnea,331,grass,,50,85,40,85,40,35
Cacturne,332,grass,dark,70,115,60,115,60,55
Swablu,333,normal,flying,45,40,60,40,75,50
Altaria,334,dragon,flying,75,70,90,70,105,80
Zangoose,335,normal,,73,115,60,60,60,90
Seviper,336,poison,,73,100,60,100,60,65
Lunatone,337,rock,psychic,90,55,65,95,85,70
Solrock,338,rock,psychic,90,95,85,55,65,70
Barboach,339,water,ground,50,48,43,46,41,60
Whiscash,340,water,ground,110,78,73,76,71,60
Corphish,341,water,,43,80,65,50,35,35
Crawdaunt,342,water,dark,63,120,85,90,55,55
Baltoy,343,ground,psychic,40,40,55,40,70,55
Claydol,344,ground,psychic,60,70,105,70,120,75
Lileep,345,rock,grass,66,41,77,61,87,23
Cradily,346,rock,grass,86,81,97,81,107,43
Anorith,347,rock,bug,45,95,50,40,50,75
Armaldo,348,rock,bug,75,125,100,70,80,45
Feebas,349,water,,20,15,20,10,55,80
Milotic,350,water,,95,60,79,100,125,81
Castform,351,normal,,70,70,70,70,70,70
Kecleon,352,normal,,60,90,70,60,120,40
Shuppet,353,ghost,,44,75,35,63,33,45
Banette,354,ghost,,64,115,65,83,63,65
Duskull,355,ghost,,20,40,90,30,90,25
Dusclops,356,ghost,,40,70,130,60,130,25
Tropius,357,grass,flying,99,68,83,72,87,51
Chimecho,358,psychic,,75,50,80,95,90,65
Absol,359,dark,,65,130,60,75,60,75
Wynaut,360,psychic,,95,23,48,23,48,23
Snorunt,361,ice,,50,50,50,50,50,50
Glalie,362,ice,,80,80,80,80,80,80
Spheal,363,ice,water,70,40,50,55,50,25
Sealeo,364,ice,water,90,60,70,75,70,45
Walrein,365,ice,water,110,80,90,95,90,65
Clamperl,366,water,,35,64,85,74,55,32
Huntail,367,water,,55,104,105,94,75,52
Gorebyss,368,water,,55,84,105,114,75,52
Relicanth,369,water,rock,100,90,130,45,65,55
Luvdisc,370,water,,43,30,55,40,65,97
Bagon,371,dragon,,45,75,60,40,30,50
Shelgon,372,dragon,,65,95,100,60,50,50
Salamence,373,dragon,flying,95,135,80,110,80,100
Beldum,374,steel,psychic,40,55,80,35,60,30
Metang,375,steel,psychic,60,75,100,55,80,50
Metagross,376,steel,psychic,80,135,130,95,90,70
Regirock,377,rock,,80,100,200,50,100,50
Regice,378,ice,,80,50,100,100,200,50
Registeel,379,steel,,80,75,150,75,150,50
Latias,380,dragon,psychic,80,80,90,110,130,110
Latios,381,dragon,psychic,80,90,80,130,110,110
Kyogre,382,water,,100,100,90,150,140,90
Groudon,383,ground,,100,150,140,100,90,90
Rayquaza,384,dragon,flying,105,150,90,150,90,95
Jirachi,385,steel,psychic,100,100,100,100,100,100
Deoxys-normal,386,psychic,,50,150,50,150,50,150
Turtwig,387,grass,,55,68,64,45,55,31
Grotle,388,grass,,75,89,85,55,65,36
Torterra,389,grass,ground,95,109,105,75,85,56
Chimchar,390,fire,,44,58,44,58,44,61
Monferno,391,fire,fighting,64,78,52,78,52,81
Infernape,392,fire,fighting,76,104,71,104,71,108
Piplup,393,water,,53,51,53,61,56,40
Prinplup,394,water,,64,66,68,81,76,50
Empoleon,395,water,steel,84,86,88,111,101,60
Starly,396,normal,flying,40,55,30,30,30,60
Staravia,397,normal,flying,55,75,50,40,40,80
Staraptor,398,normal,flying,85,120,70,50,60,100
Bidoof,399,normal,,59,45,40,35,40,31
Bibarel,400,normal,water,79,85,60,55,60,71
Kricketot,401,bug,,37,25,41,25,41,25
Kricketune,402,bug,,77,85,51,55,51,65
Shinx,403,electric,,45,65,34,40,34,45
Luxio,404,electric,,60,85,49,60,49,60
Luxray,405,electric,,80,120,79,95,79,70
Budew,406,grass,poison,40,30,35,50,70,55
Roserade,407,grass,poison,60,70,65,125,105,90
Cranidos,408,rock,,67,125,40,30,30,58
Rampardos,409,rock,,97,165,60,65,50,58
Shieldon,410,rock,steel,30,42,118,42,88,30
Bastiodon,411,rock,steel,60,52,168,47,138,30
Burmy,412,bug,,40,29,45,29,45,36
Wormadam-plant,413,bug,grass,60,59,85,79,105,36
Mothim,414,bug,flying,70,94,50,94,50,66
Combee,415,bug,flying,30,30,42,30,42,70
Vespiquen,416,bug,flying,70,80,102,80,102,40
Pachirisu,417,electric,,60,45,70,45,90,95
Buizel,418,water,,55,65,35,60,30,85
Floatzel,419,water,,85,105,55,85,50,115
Cherubi,420,grass,,45,35,45,62,53,35
Cherrim,421,grass,,70,60,70,87,78,85
Shellos,422,water,,76,48,48,57,62,34
Gastrodon,423,water,ground,111,83,68,92,82,39
Ambipom,424,normal,,75,100,66,60,66,115
Drifloon,425,ghost,flying,90,50,34,60,44,70
Drifblim,426,ghost,flying,150,80,44,90,54,80
Buneary,427,normal,,55,66,44,44,56,85
Lopunny,428,normal,,65,76,84,54,96,105
Mismagius,429,ghost,,60,60,60,105,105,105
Honchkrow,430,dark,flying,100,125,52,105,52,71
Glameow,431,normal,,49,55,42,42,37,85
Purugly,432,normal,,71,82,64,64,59,112
Chingling,433,psychic,,45,30,50,65,50,45
Stunky,434,poison,dark,63,63,47,41,41,74
Skuntank,435,poison,dark,103,93,67,71,61,84
Bronzor,436,steel,psychic,57,24,86,24,86,23
Bronzong,437,steel,psychic,67,89,116,79,116,33
Bonsly,438,rock,,50,80,95,10,45,10
Mime-jr,439,psychic,fairy,20,25,45,70,90,60
Happiny,440,normal,,100,5,5,15,65,30
Chatot,441,normal,flying,76,65,45,92,42,91
Spiritomb,442,ghost,dark,50,92,108,92,108,35
Gible,443,dragon,ground,58,70,45,40,45,42
Gabite,444,dragon,ground,68,90,65,50,55,82
Garchomp,445,dragon,ground,108,130,95,80,85,102
Munchlax,446,normal,,135,85,40,40,85,5
Riolu,447,fighting,,40,70,40,35,40,60
Lucario,448,fighting,steel,70,110,70,115,70,90
Hippopotas,449,ground,,68,72,78,38,42,32
Hippowdon,450,ground,,108,112,118,68,72,47
Skorupi,451,poison,bug,40,50,90,30,55,65
Drapion,452,poison,dark,70,90,110,60,75,95
Croagunk,453,poison,fighting,48,61,40,61,40,50
Toxicroak,454,poison,fighting,83,106,65,86,65,85
Carnivine,455,grass,,74,100,72,90,72,46
Finneon,456,water,,49,49,56,49,61,66
Lumineon,457,water,,69,69,76,69,86,91
Mantyke,458,water,flying,45,20,50,60,120,50
Snover,459,grass,ice,60,62,50,62,60,40
Abomasnow,460,grass,ice,90,92,75,92,85,60
Weavile,461,dark,ice,70,120,65,45,85,125
Magnezone,462,electric,steel,70,70,115,130,90,60
Lickilicky,463,normal,,110,85,95,80,95,50
Rhyperior,464,ground,rock,115,140,130,55,55,40
Tangrowth,465,grass,,100,100,125,110,50,50
Electivire,466,electric,,75,123,67,95,85,95
Magmortar,467,fire,,75,95,67,125,95,83
Togekiss,468,fairy,flying,85,50,95,120,115,80
Yanmega,469,bug,flying,86,76,86,116,56,95
Leafeon,470,grass,,65,110,130,60,65,95
Glaceon,471,ice,,65,60,110,130,95,65
Gliscor,472,ground,flying,75,95,125,45,75,95
Mamoswine,473,ice,ground,110,130,80,70,60,80
Porygon-z,474,normal,,85,80,70,135,75,90
Gallade,475,psychic,fighting,68,125,65,65,115,80
Probopass,476,rock,steel,60,55,145,75,150,40
Dusknoir,477,ghost,,45,100,135,65,135,45
Froslass,478,ice,ghost,70,80,70,80,70,110
Rotom,479,electric,ghost,50,50,77,95,77,91
Uxie,480,psychic,,75,75,130,75,130,95
Mesprit,481,psychic,,80,105,105,105,105,80
Azelf,482,psychic,,75,125,70,125,70,115
Dialga,483,steel,dragon,100,120,120,150,100,90
Palkia,484,water,dragon,90,120,100,150,120,100
Heatran,485,fire,steel,91,90,106,130,106,77
Regigigas,486,normal,,110,160,110,80,110,100
Giratina-altered,487,ghost,dragon,150,100,120,100,120,90
Cresselia,488,psychic,,120,70,110,75,120,85
Phione,489,water,,80,80,80,80,80,80
Manaphy,490,water,,100,100,100,100,100,100
Darkrai,491,dark,,70,90,90,135,90,125
Shaymin-land,492,grass,,100,100,100,100,100,100
Arceus,493,normal,,120,120,120,120,120,120
Victini,494,psychic,fire,100,100,100,100,100,100
Snivy,495,grass,,45,45,55,45,55,63
Servine,496,grass,,60,60,75,60,75,83
Serperior,497,grass,,75,75,95,75,95,113
Tepig,498,fire,,65,63,45,45,45,45
Pignite,499,fire,fighting,90,93,55,70,55,55
Emboar,500,fire,fighting,110,123,65,100,65,65
Oshawott,501,water,,55,55,45,63,45,45
Dewott,502,water,,75,75,60,83,60,60
Samurott,503,water,,95,100,85,108,70,70
Patrat,504,normal,,45,55,39,35,39,42
Watchog,505,normal,,60,85,69,60,69,77
Lillipup,506,normal,,45,60,45,25,45,55
Herdier,507,normal,,65,80,65,35,65,60
Stoutland,508,normal,,85,110,90,45,90,80
Purrloin,509,dark,,41,50,37,50,37,66
Liepard,510,dark,,64,88,50,88,50,106
Pansage,511,grass,,50,53,48,53,48,64
Simisage,512,grass,,75,98,63,98,63,101
Pansear,513,fire,,50,53,48,53,48,64
Simisear,514,fire,,75,98,63,98,63,101
Panpour,515,water,,50,53,48,53,48,64
Simipour,516,water,,75,98,63,98,63,101
Munna,517,psychic,,76,25,45,67,55,24
Musharna,518,psychic,,116,55,85,107,95,29
Pidove,519,normal,flying,50,55,50,36,30,43
Tranquill,520,normal,flying,62,77,62,50,42,65
Unfezant,521,normal,flying,80,115,80,65,55,93
Blitzle,522,electric,,45,60,32,50,32,76
Zebstrika,523,electric,,75,100,63,80,63,116
Roggenrola,524,rock,,55,75,85,25,25,15
Boldore,525,rock,,70,105,105,50,40,20
Gigalith,526,rock,,85,135,130,60,80,25
Woobat,527,psychic,flying,65,45,43,55,43,72
Swoobat,528,psychic,flying,67,57,55,77,55,114
Drilbur,529,ground,,60,85,40,30,45,68
Excadrill,530,ground,steel,110,135,60,50,65,88
Audino,531,normal,,103,60,86,60,86,50
Timburr,532,fighting,,75,80,55,25,35,35
Gurdurr,533,fighting,,85,105,85,40,50,40
Conkeldurr,534,fighting,,105,140,95,55,65,45
Tympole,535,water,,50,50,40,50,40,64
Palpitoad,536,water,ground,75,65,55,65,55,69
Seismitoad,537,water,ground,105,95,75,85,75,74
Throh,538,fighting,,120,100,85,30,85,45
Sawk,539,fighting,,75,125,75,30,75,85
Sewaddle,540,bug,grass,45,53,70,40,60,42
Swadloon,541,bug,grass,55,63,90,50,80,42
Leavanny,542,bug,grass,75,103,80,70,80,92
Venipede,543,bug,poison,30,45,59,30,39,57
Whirlipede,544,bug,poison,40,55,99,40,79,47
Scolipede,545,bug,poison,60,100,89,55,69,112
Cottonee,546,grass,fairy,40,27,60,37,50,66
Whimsicott,547,grass,fairy,60,67,85,77,75,116
Petilil,548,grass,,45,35,50,70,50,30
Lilligant,549,grass,,70,60,75,110,75,90
Basculin-red-striped,550,water,,70,92,65,80,55,98
Sandile,551,ground,dark,50,72,35,35,35,65
Krokorok,552,ground,dark,60,82,45,45,45,74
Krookodile,553,ground,dark,95,117,80,65,70,92
Darumaka,554,fire,,70,90,45,15,45,50
Darmanitan-standard,555,fire,,105,140,55,30,55,95
Maractus,556,grass,,75,86,67,106,67,60
Dwebble,557,bug,rock,50,65,85,35,35,55
Crustle,558,bug,rock,70,105,125,65,75,45
Scraggy,559,dark,fighting,50,75,70,35,70,48
Scrafty,560,dark,fighting,65,90,115,45,115,58
Sigilyph,561,psychic,flying,72,58,80,103,80,97
Yamask,562,ghost,,38,30,85,55,65,30
Cofagrigus,563,ghost,,58,50,145,95,105,30
Tirtouga,564,water,rock,54,78,103,53,45,22
Carracosta,565,water,rock,74,108,133,83,65,32
Archen,566,rock,flying,55,112,45,74,45,70
Archeops,567,rock,flying,75,140,65,112,65,110
Trubbish,568,poison,,50,50,62,40,62,65
Garbodor,569,poison,,80,95,82,60,82,75
Zorua,570,dark,,40,65,40,80,40,65
Zoroark,571,dark,,60,105,60,120,60,105
Minccino,572,normal,,55,50,40,40,40,75
Cinccino,573,normal,,75,95,60,65,60,115
Gothita,574,psychic,,45,30,50,55,65,45
Gothorita,575,psychic,,60,45,70,75,85,55
Gothitelle,576,psychic,,70,55,95,95,110,65
Solosis,577,psychic,,45,30,40,105,50,20
Duosion,578,psychic,,65,40,50,125,60,30
Reuniclus,579,psychic,,110,65,75,125,85,30
Ducklett,580,water,flying,62,44,50,44,50,55
Swanna,581,water,flying,75,87,63,87,63,98
Vanillite,582,ice,,36,50,50,65,60,44
Vanillish,583,ice,,51,65,65,80,75,59
Vanilluxe,584,ice,,71,95,85,110,95,79
Deerling,585,normal,grass,60,60,50,40,50,75
Sawsbuck,586,normal,grass,80,100,70,60,70,95
Emolga,587,electric,flying,55,75,60,75,60,103
Karrablast,588,bug,,50,75,45,40,45,60
Escavalier,589,bug,steel,70,135,105,60,105,20
Foongus,590,grass,poison,69,55,45,55,55,15
Amoonguss,591,grass,poison,114,85,70,85,80,30
Frillish,592,water,ghost,55,40,50,65,85,40
Jellicent,593,water,ghost,100,60,70,85,105,60
Alomomola,594,water,,165,75,80,40,45,65
Joltik,595,bug,electric,50,47,50,57,50,65
Galvantula,596,bug,electric,70,77,60,97,60,108
Ferroseed,597,grass,steel,44,50,91,24,86,10
Ferrothorn,598,grass,steel,74,94,131,54,116,20
Klink,599,steel,,40,55,70,45,60,30
Klang,600,steel,,60,80,95,70,85,50
Klinklang,601,steel,,60,100,115,70,85,90
Tynamo,602,electric,,35,55,40,45,40,60
Eelektrik,603,electric,,65,85,70,75,70,40
Eelektross,604,electric,,85,115,80,105,80,50
Elgyem,605,psychic,,55,55,55,85,55,30
Beheeyem,606,psychic,,75,75,75,125,95,40
Litwick,607,ghost,fire,50,30,55,65,55,20
Lampent,608,ghost,fire,60,40,60,95,60,55
Chandelure,609,ghost,fire,60,55,90,145,90,80
Axew,610,dragon,,46,87,60,30,40,57
Fraxure,611,dragon,,66,117,70,40,50,67
Haxorus,612,dragon,,76,147,90,60,70,97
Cubchoo,613,ice,,55,70,40,60,40,40
Beartic,614,ice,,95,130,80,70,80,50
Cryogonal,615,ice,,80,50,50,95,135,105
Shelmet,616,bug,,50,40,85,40,65,25
Accelgor,617,bug,,80,70,40,100,60,145
Stunfisk,618,ground,electric,109,66,84,81,99,32
Mienfoo,619,fighting,,45,85,50,55,50,65
Mienshao,620,fighting,,65,125,60,95,60,105
Druddigon,621,dragon,,77,120,90,60,90,48
Golett,622,ground,ghost,59,74,50,35,50,35
Golurk,623,ground,ghost,89,124,80,55,80,55
Pawniard,624,dark,steel,45,85,70,40,40,60
Bisharp,625,dark,steel,65,125,100,60,70,70
Bouffalant,626,normal,,95,110,95,40,95,55
Rufflet,627,normal,flying,70,83,50,37,50,60
Braviary,628,normal,flying,100,123,75,57,75,80
Vullaby,629,dark,flying,70,55,75,45,65,60
Mandibuzz,630,dark,flying,110,65,105,55,95,80
Heatmor,631,fire,,85,97,66,105,66,65
Durant,632,bug,steel,58,109,112,48,48,109
Deino,633,dark,dragon,52,65,50,45,50,38
Zweilous,634,dark,dragon,72,85,70,65,70,58
Hydreigon,635,dark,dragon,92,105,90,125,90,98
Larvesta,636,bug,fire,55,85,55,50,55,60
Volcarona,637,bug,fire,85,60,65,135,105,100
Cobalion,638,steel,fighting,91,90,129,90,72,108
Terrakion,639,rock,fighting,91,129,90,72,90,108
Virizion,640,grass,fighting,91,90,72,90,129,108
Tornadus-incarnate,641,flying,,79,115,70,125,80,111
Thundurus-incarnate,642,electric,flying,79,115,70,125,80,111
Reshiram,643,dragon,fire,100,120,100,150,120,90
Zekrom,644,dragon,electric,100,150,120,120,100,90
Landorus-incarnate,645,ground,flying,89,125,90,115,80,101
Kyurem,646,dragon,ice,125,130,90,130,90,95
Keldeo-ordinary,647,water,fighting,91,72,90,129,90,108
Meloetta-aria,648,normal,psychic,100,77,77,128,128,90
Genesect,649,bug,steel,71,120,95,120,95,99
Chespin,650,grass,,56,61,65,48,45,38
Quilladin,651,grass,,61,78,95,56,58,57
Chesnaught,652,grass,fighting,88,107,122,74,75,64
Fennekin,653,fire,,40,45,40,62,60,60
Braixen,654,fire,,59,59,58,90,70,73
Delphox,655,fire,psychic,75,69,72,114,100,104
Froakie,656,water,,41,56,40,62,44,71
Frogadier,657,water,,54,63,52,83,56,97
Greninja,658,water,dark,72,95,67,103,71,122
Bunnelby,659,normal,,38,36,38,32,36,57
Diggersby,660,normal,ground,85,56,77,50,77,78
Fletchling,661,normal,flying,45,50,43,40,38,62
Fletchinder,662,fire,flying,62,73,55,56,52,84
Talonflame,663,fire,flying,78,81,71,74,69,126
Scatterbug,664,bug,,38,35,40,27,25,35
Spewpa,665,bug,,45,22,60,27,30,29
Vivillon,666,bug,flying,80,52,50,90,50,89
Litleo,667,fire,normal,62,50,58,73,54,72
Pyroar,668,fire,normal,86,68,72,109,66,106
Flabebe,669,fairy,,44,38,39,61,79,42
Floette,670,fairy,,54,45,47,75,98,52
Florges,671,fairy,,78,65,68,112,154,75
Skiddo,672,grass,,66,65,48,62,57,52
Gogoat,673,grass,,123,100,62,97,81,68
Pancham,674,fighting,,67,82,62,46,48,43
Pangoro,675,fighting,dark,95,124,78,69,71,58
Furfrou,676,normal,,75,80,60,65,90,102
Espurr,677,psychic,,62,48,54,63,60,68
Meowstic-male,678,psychic,,74,48,76,83,81,104
Honedge,679,steel,ghost,45,80,100,35,37,28
Doublade,680,steel,ghost,59,110,150,45,49,35
Aegislash-shield,681,steel,ghost,60,50,140,50,140,60
Spritzee,682,fairy,,78,52,60,63,65,23
Aromatisse,683,fairy,,101,72,72,99,89,29
Swirlix,684,fairy,,62,48,66,59,57,49
Slurpuff,685,fairy,,82,80,86,85,75,72
Inkay,686,dark,psychic,53,54,53,37,46,45
Malamar,687,dark,psychic,86,92,88,68,75,73
Binacle,688,rock,water,42,52,67,39,56,50
Barbaracle,689,rock,water,72,105,115,54,86,68
Skrelp,690,poison,water,50,60,60,60,60,30
Dragalge,691,poison,dragon,65,75,90,97,123,44
Clauncher,692,water,,50,53,62,58,63,44
Clawitzer,693,water,,71,73,88,120,89,59
Helioptile,694,electric,normal,44,38,33,61,43,70
Heliolisk,695,electric,normal,62,55,52,109,94,109
Tyrunt,696,rock,dragon,58,89,77,45,45,48
Tyrantrum,697,rock,dragon,82,121,119,69,59,71
Amaura,698,rock,ice,77,59,50,67,63,46
Aurorus,699,rock,ice,123,77,72,99,92,58
Sylveon,700,fairy,,95,65,65,110,130,60
Hawlucha,701,fighting,flying,78,92,75,74,63,118
Dedenne,702,electric,fairy,67,58,57,81,67,101
Carbink,703,rock,fairy,50,50,150,50,150,50
Goomy,704,dragon,,45,50,35,55,75,40
Sliggoo,705,dragon,,68,75,53,83,113,60
Goodra,706,dragon,,90,100,70,110,150,80
Klefki,707,steel,fairy,57,80,91,80,87,75
Phantump,708,ghost,grass,43,70,48,50,60,38
Trevenant,709,ghost,grass,85,110,76,65,82,56
Pumpkaboo-average,710,ghost,grass,49,66,70,44,55,51
Gourgeist-average,711,ghost,grass,65,90,122,58,75,84
Bergmite,712,ice,,55,69,85,32,35,28
Avalugg,713,ice,,95,117,184,44,46,28
Noibat,714,flying,dragon,40,30,35,45,40,55
Noivern,715,flying,dragon,85,70,80,97,80,123
Xerneas,716,fairy,,126,131,95,131,98,99
Yveltal,717,dark,flying,126,131,95,131,98,99
Zygarde-50,718,dragon,ground,108,100,121,81,95,95
Diancie,719,rock,fairy,50,100,150,100,150,50
Hoopa,720,psychic,ghost,80,110,60,150,130,70
Volcanion,721,fire,water,80,110,120,130,90,70
Rowlet,722,grass,flying,68,55,55,50,50,42
Dartrix,723,grass,flying,78,75,75,70,70,52
Decidueye,724,grass,ghost,78,107,75,100,100,70
Litten,725,fire,,45,65,40,60,40,70
Torracat,726,fire,,65,85,50,80,50,90
Incineroar,727,fire,dark,95,115,90,80,90,60
Popplio,728,water,,50,54,54,66,56,40
Brionne,729,water,,60,69,69,91,81,50
Primarina,730,water,fairy,80,74,74,126,116,60
Pikipek,731,normal,flying,35,75,30,30,30,65
Trumbeak,732,normal,flying,55,85,50,40,50,75
Toucannon,733,normal,flying,80,120,75,75,75,60
Yungoos,734,normal,,48,70,30,30,30,45
Gumshoos,735,normal,,88,110,60,55,60,45
Grubbin,736,bug,,47,62,45,55,45,46
Charjabug,737,bug,electric,57,82,95,55,75,36
Vikavolt,738,bug,electric,77,70,90,145,75,43
Crabrawler,739,fighting,,47,82,57,42,47,63
Crabominable,740,fighting,ice,97,132,77,62,67,43
Oricorio-baile,741,fire,flying,75,70,70,98,70,93
Cutiefly,742,bug,fairy,40,45,40,55,40,84
Ribombee,743,bug,fairy,60,55,60,95,70,124
Rockruff,744,rock,,45,65,40,30,40,60
Lycanroc-midday,745,rock,,75,115,65,55,65,112
Wishiwashi-solo,746,water,,45,20,20,25,25,40
Mareanie,747,poison,water,50,53,62,43,52,45
Toxapex,748,poison,water,50,63,152,53,142,35
Mudbray,749,ground,,70,100,70,45,55,45
Mudsdale,750,ground,,100,125,100,55,85,35
Dewpider,751,water,bug,38,40,52,40,72,27
Araquanid,752,water,bug,68,70,92,50,132,42
Fomantis,753,grass,,40,55,35,50,35,35
Lurantis,754,grass,,70,105,90,80,90,45
Morelull,755,grass,fairy,40,35,55,65,75,15
Shiinotic,756,grass,fairy,60,45,80,90,100,30
Salandit,757,poison,fire,48,44,40,71,40,77
Salazzle,758,poison,fire,68,64,60,111,60,117
Stufful,759,normal,fighting,70,75,50,45,50,50
Bewear,760,normal,fighting,120,125,80,55,60,60
Bounsweet,761,grass,,42,30,38,30,38,32
Steenee,762,grass,,52,40,48,40,48,62
Tsareena,763,grass,,72,120,98,50,98,72
Comfey,764,fairy,,51,52,90,82,110,100
Oranguru,765,normal,psychic,90,60,80,90,110,60
Passimian,766,fighting,,100,120,90,40,60,80
Wimpod,767,bug,water,25,35,40,20,30,80
Golisopod,768,bug,water,75,125,140,60,90,40
Sandygast,769,ghost,ground,55,55,80,70,45,15
Palossand,770,ghost,ground,85,75,110,100,75,35
Pyukumuku,771,water,,55,60,130,30,130,5
Type-null,772,normal,,95,95,95,95,95,59
Silvally,773,normal,,95,95,95,95,95,95
Minior-red-meteor,774,rock,flying,60,60,100,60,100,60
Komala,775,normal,,65,115,65,75,95,65
Turtonator,776,fire,dragon,60,78,135,91,85,36
Togedemaru,777,electric,steel,65,98,63,40,73,96
Mimikyu-disguised,778,ghost,fairy,55,90,80,50,105,96
Bruxish,779,water,psychic,68,105,70,70,70,92
Drampa,780,normal,dragon,78,60,85,135,91,36
Dhelmise,781,ghost,grass,70,131,100,86,90,40
Jangmo-o,782,dragon,,45,55,65,45,45,45
Hakamo-o,783,dragon,fighting,55,75,90,65,70,65
Kommo-o,784,dragon,fighting,75,110,125,100,105,85
Tapu-koko,785,electric,fairy,70,115,85,95,75,130
Tapu-lele,786,psychic,fairy,70,85,75,130,115,95
Tapu-bulu,787,grass,fairy,70,130,115,85,95,75
Tapu-fini,788,water,fairy,70,75,115,95,130,85
Cosmog,789,psychic,,43,29,31,29,31,37
Cosmoem,790,psychic,,43,29,131,29,131,37
Solgaleo,791,psychic,steel,137,137,107,113,89,97
Lunala,792,psychic,ghost,137,113,89,137,107,97
Nihilego,793,rock,poison,109,53,47,127,131,103
Buzzwole,794,bug,fighting,107,139,139,53,53,79
Pheromosa,795,bug,fighting,71,137,37,137,37,151
Xurkitree,796,electric,,83,89,71,173,71,83
Celesteela,797,steel,flying,97,101,103,107,101,61
Kartana,798,grass,steel,59,181,131,59,31,109
Guzzlord,799,dark,dragon,223,101,53,97,53,43
Necrozma,800,psychic,,97,107,101,127,89,79
Magearna,801,steel,fairy,80,95,115,130,115,65
Marshadow,802,fighting,ghost,90,125,80,90,90,125
Poipole,803,poison,,67,73,67,73,67,73
Naganadel,804,poison,dragon,73,73,73,127,73,121
Stakataka,805,rock,steel,61,131,211,53,101,13
Blacephalon,806,fire,ghost,53,127,53,151,79,107
Zeraora,807,electric,,88,112,75,102,80,143
Meltan,808,steel,,46,65,65,55,35,34
Melmetal,809,steel,,135,143,143,80,65,34
Grookey,810,grass,,50,65,50,40,40,65
Thwackey,811,grass,,70,85,70,55,60,80
Rillaboom,812,grass,,100,125,90,60,70,85
Scorbunny,813,fire,,50,71,40,40,40,69
Raboot,814,fire,,65,86,60,55,60,94
Cinderace,815,fire,,80,116,75,65,75,119
Sobble,816,water,,50,40,40,70,40,70
Drizzile,817,water,,65,60,55,95,55,90
Inteleon,818,water,,70,85,65,125,65,120
Skwovet,819,normal,,70,55,55,35,35,25
Greedent,820,normal,,120,95,95,55,75,20
Rookidee,821,flying,,38,47,35,33,35,57
Corvisquire,822,flying,,68,67,55,43,55,77
Corviknight,823,flying,steel,98,87,105,53,85,67
Blipbug,824,bug,,25,20,20,25,45,45
Dottler,825,bug,psychic,50,35,80,50,90,30
Orbeetle,826,bug,psychic,60,45,110,80,120,90
Nickit,827,dark,,40,28,28,47,52,50
Thievul,828,dark,,70,58,58,87,92,90
Gossifleur,829,grass,,40,40,60,40,60,10
Eldegoss,830,grass,,60,50,90,80,120,60
Wooloo,831,normal,,42,40,55,40,45,48
Dubwool,832,normal,,72,80,100,60,90,88
Chewtle,833,water,,50,64,50,38,38,44
Drednaw,834,water,rock,90,115,90,48,68,74
Yamper,835,electric,,59,45,50,40,50,26
Boltund,836,electric,,69,90,60,90,60,121
Rolycoly,837,rock,,30,40,50,40,50,30
Carkol,838,rock,fire,80,60,90,60,70,50
Coalossal,839,rock,fire,110,80,120,80,90,30
Applin,840,grass,dragon,40,40,80,40,40,20
Flapple,841,grass,dragon,70,110,80,95,60,70
Appletun,842,grass,dragon,110,85,80,100,80,30
Silicobra,843,ground,,52,57,75,35,50,46
Sandaconda,844,ground,,72,107,125,65,70,71
Cramorant,845,flying,water,70,85,55,85,95,85
Arrokuda,846,water,,41,63,40,40,30,66
Barraskewda,847,water,,61,123,60,60,50,136
Toxel,848,electric,poison,40,38,35,54,35,40
Toxtricity-amped,849,electric,poison,75,98,70,114,70,75
Sizzlipede,850,fire,bug,50,65,45,50,50,45
Centiskorch,851,fire,bug,100,115,65,90,90,65
Clobbopus,852,fighting,,50,68,60,50,50,32
Grapploct,853,fighting,,80,118,90,70,80,42
Sinistea,854,ghost,,40,45,45,74,54,50
Polteageist,855,ghost,,60,65,65,134,114,70
Hatenna,856,psychic,,42,30,45,56,53,39
Hattrem,857,psychic,,57,40,65,86,73,49
Hatterene,858,psychic,fairy,57,90,95,136,103,29
Impidimp,859,dark,fairy,45,45,30,55,40,50
Morgrem,860,dark,fairy,65,60,45,75,55,70
Grimmsnarl,861,dark,fairy,95,120,65,95,75,60
Obstagoon,862,dark,normal,93,90,101,60,81,95
Perrserker,863,steel,,70,110,100,50,60,50
Cursola,864,ghost,,60,95,50,145,130,30
Sirfetchd,865,fighting,,62,135,95,68,82,65
Mr-rime,866,ice,psychic,80,85,75,110,100,70
Runerigus,867,ground,ghost,58,95,145,50,105,30
Milcery,868,fairy,,45,40,40,50,61,34
Alcremie,869,fairy,,65,60,75,110,121,64
Falinks,870,fighting,,65,100,100,70,60,75
Pincurchin,871,electric,,48,101,95,91,85,15
Snom,872,ice,bug,30,25,35,45,30,20
Frosmoth,873,ice,bug,70,65,60,125,90,65
Stonjourner,874,rock,,100,125,135,20,20,70
Eiscue-ice,875,ice,,75,80,110,65,90,50
Indeedee-male,876,psychic,normal,60,65,55,105,95,95
Morpeko-full-belly,877,electric,dark,58,95,58,70,58,97
Cufant,878,steel,,72,80,49,40,49,40
Copperajah,879,steel,,122,130,69,80,69,30
Dracozolt,880,electric,dragon,90,100,90,80,70,75
Arctozolt,881,electric,ice,90,100,90,90,80,55
Dracovish,882,water,dragon,90,90,100,70,80,75
Arctovish,883,water,ice,90,90,100,80,90,55
Duraludon,884,steel,dragon,70,95,115,120,50,85
Dreepy,885,dragon,ghost,28,60,30,40,30,82
Drakloak,886,dragon,ghost,68,80,50,60,50,102
Dragapult,887,dragon,ghost,88,120,75,100,75,142
Zacian,888,fairy,,92,120,115,80,115,138
Zamazenta,889,fighting,,92,120,115,80,115,138
Eternatus,890,poison,dragon,140,85,95,145,95,130
Kubfu,891,fighting,,60,90,60,53,50,72
Urshifu-single-strike,892,fighting,dark,100,130,100,63,60,97
Zarude,893,dark,grass,105,120,105,70,95,105
Regieleki,894,electric,,80,100,50,100,50,200
Regidrago,895,dragon,,200,100,50,100,50,80
Glastrier,896,ice,,100,145,130,65,110,30
Spectrier,897,ghost,,100,65,60,145,80,130
Calyrex,898,psychic,grass,100,80,80,80,80,80
Wyrdeer,899,normal,psychic,103,105,72,105,75,65
Kleavor,900,bug,rock,70,135,95,45,70,85
Ursaluna,901,ground,normal,130,140,105,45,80,50
Basculegion-male,902,water,ghost,120,112,65,80,75,78
Sneasler,903,fighting,poison,80,130,60,40,80,120
Overqwil,904,dark,poison,85,115,95,65,65,85
Enamorus-incarnate,905,fairy,flying,74,115,70,135,80,106
Sprigatito,906,grass,,40,61,54,45,45,65
Floragato,907,grass,,61,80,63,60,63,83
Meowscarada,908,grass,dark,76,110,70,81,70,123
Fuecoco,909,fire,,67,45,59,63,40,36
Crocalor,910,fire,,81,55,78,90,58,49
Skeledirge,911,fire,ghost,104,75,100,110,75,66
Quaxly,912,water,,55,65,45,50,45,50
Quaxwell,913,water,,70,85,65,65,60,65
Quaquaval,914,water,fighting,85,120,80,85,75,85
Lechonk,915,normal,,54,45,40,35,45,35
Oinkologne,916,normal,,110,100,75,59,80,65
Tarountula,917,bug,,35,41,45,29,40,20
Spidops,918,bug,,60,79,92,52,86,35
Nymble,919,bug,,33,46,40,21,25,45
Lokix,920,bug,dark,71,102,78,52,55,92
Pawmi,921,electric,,45,50,20,40,25,60
Pawmo,922,electric,fighting,60,75,40,50,40,85
Pawmot,923,electric,fighting,70,115,70,70,60,105
Tandemaus,924,normal,,50,50,45,40,45,75
Maushold,925,normal,,74,75,70,65,75,111
Fidough,926,fairy,,37,55,70,30,55,65
Dachsbun,927,fairy,,57,80,115,50,80,95
Smoliv,928,grass,normal,41,35,45,58,51,30
Dolliv,929,grass,normal,52,53,60,78,78,33
Arboliva,930,grass,normal,78,69,90,125,109,39
Squawkabilly,931,normal,flying,82,96,51,45,51,92
Nacli,932,rock,,55,55,75,35,35,25
Naclstack,933,rock,,60,60,100,35,65,35
Garganacl,934,rock,,100,100,130,45,90,35
Charcadet,935,fire,,40,50,40,50,40,35
Armarouge,936,fire,psychic,85,60,100,125,80,75
Ceruledge,937,fire,ghost,75,125,80,60,100,85
Tadbulb,938,electric,,61,31,41,59,35,45
Bellibolt,939,electric,,109,64,91,103,83,45
Wattrel,940,electric,flying,40,40,35,55,40,70
Kilowattrel,941,electric,flying,70,70,60,105,60,125
Maschiff,942,dark,,60,78,60,40,51,51
Mabosstiff,943,dark,,80,120,90,60,70,85
Shroodle,944,poison,normal,40,65,35,40,35,75
Grafaiai,945,poison,normal,63,95,65,80,72,110
Bramblin,946,grass,ghost,40,65,30,45,35,60
Brambleghast,947,grass,ghost,55,115,70,80,70,90
Toedscool,948,ground,grass,40,40,35,50,100,70
Toedscruel,949,ground,grass,80,70,65,80,120,100
Klawf,950,rock,,70,100,115,35,55,75
Capsakid,951,grass,,50,62,40,62,40,50
Scovillain,952,grass,fire,65,108,65,108,65,75
Rellor,953,bug,,41,50,60,31,58,30
Rabsca,954,bug,psychic,75,50,85,115,100,45
Flittle,955,psychic,,30,35,30,55,30,75
Espathra,956,psychic,,95,60,60,101,60,105
Tinkatink,957,fairy,steel,50,45,45,35,64,58
Tinkatuff,958,fairy,steel,65,55,55,45,82,78
Tinkaton,959,fairy,steel,85,75,77,70,105,94
Wiglett,960,water,,10,55,25,35,25,95
Wugtrio,961,water,,35,100,50,50,70,120
Bombirdier,962,flying,dark,70,103,85,60,85,82
Finizen,963,water,,70,45,40,45,40,75
Palafin,964,water,,100,70,72,53,62,100
Varoom,965,steel,poison,45,70,63,30,45,47
Revavroom,966,steel,poison,80,119,90,54,67,90
Cyclizar,967,dragon,normal,70,95,65,85,65,121
Orthworm,968,steel,,70,85,145,60,55,65
Glimmet,969,rock,poison,48,35,42,105,60,60
Glimmora,970,rock,poison,83,55,90,130,81,86
Greavard,971,ghost,,50,61,60,30,55,34
Houndstone,972,ghost,,72,101,100,50,97,68
Flamigo,973,flying,fighting,82,115,74,75,64,90
Cetoddle,974,ice,,108,68,45,30,40,43
Cetitan,975,ice,,170,113,65,45,55,73
Veluza,976,water,psychic,90,102,73,78,65,70
Dondozo,977,water,,150,100,115,65,65,35
Tatsugiri,978,dragon,water,68,50,60,120,95,82
Annihilape,979,fighting,ghost,110,115,80,50,90,90
Clodsire,980,poison,ground,130,75,60,45,100,20
Farigiraf,981,normal,psychic,120,90,70,110,70,60
Dudunsparce,982,normal,,125,100,80,85,75,55
Kingambit,983,dark,steel,100,135,120,60,85,50
Great-tusk,984,ground,fighting,115,131,131,53,53,87
Scream-tail,985,fairy,psychic,115,65,99,65,115,111
Brute-bonnet,986,grass,dark,111,127,99,79,99,55
Flutter-mane,987,ghost,fairy,55,55,55,135,135,135
Slither-wing,988,bug,fighting,85,135,79,85,105,81
Sandy-shocks,989,electric,ground,85,81,97,121,85,101
Iron-treads,990,ground,steel,90,112,120,72,70,106
Iron-bundle,991,ice,water,56,80,114,124,60,136
Iron-hands,992,fighting,electric,154,140,108,50,68,50
Iron-jugulis,993,dark,flying,94,80,86,122,80,108
Iron-moth,994,fire,poison,80,70,60,140,110,110
Iron-thorns,995,rock,electric,100,134,110,70,84,72
Frigibax,996,dragon,ice,65,75,45,35,45,55
Arctibax,997,dragon,ice,90,95,66,45,65,62
Baxcalibur,998,dragon,ice,115,145,92,75,86,87
Gimmighoul,999,ghost,,45,30,70,75,70,10
Gholdengo,1000,steel,ghost,87,60,95,133,91,84
Wo-chien,1001,dark,grass,85,85,100,95,135,70
Chien-pao,1002,dark,ice,80,120,80,90,65,135
Ting-lu,1003,dark,ground,155,110,125,55,80,45
Chi-yu,1004,dark,fire,55,80,80,135,120,100
Roaring-moon,1005,dragon,dark,105,139,71,55,101,119
Iron-valiant,1006,fairy,fighting,74,130,90,120,60,116
Koraidon,1007,fighting,dragon,100,135,115,85,100,135
Miraidon,1008,electric,dragon,100,85,100,135,115,135
Walking-wake,1009,water,dragon,99,83,91,125,83,109
Iron-leaves,1010,grass,psychic,90,130,88,70,108,104
Dipplin,1011,grass,dragon,80,80,110,95,80,40
Poltchageist,1012,grass,ghost,40,45,45,74,54,50
Sinistcha,1013,grass,ghost,71,60,106,121,80,70
Okidogi,1014,poison,fighting,88,128,115,58,86,80
Munkidori,1015,poison,psychic,88,75,66,130,90,106
Fezandipiti,1016,poison,fairy,88,91,82,70,125,99
Ogerpon,1017,grass,,80,120,84,60,96,110
